iteration,permuted_mean,permuted_median
1,7.719690877466515,7.03125
2,7.939419868486637,6.969384751251104
3,8.166451635874022,7.616912798874824
4,8.250652678720794,7.447923086404536
5,8.22336306730478,7.6923076923076925
6,8.35221330398103,7.207207207207207
7,7.926031379841316,6.980994152046783
8,8.087684214231691,7.203603603603604
9,7.77964248870712,7.036775106082037
10,8.086526383002504,7.03125
11,8.21587334361197,7.392228293867638
12,8.1252574642643,7.575757575757576
13,8.174818974091055,7.5
14,7.746181169541734,7.142857142857143
15,8.15620794195072,7.3008260058619765
16,8.285375497409168,7.059800664451828
17,7.939049116024428,7.079646017699115
18,8.000942115847453,6.993006993006993
19,7.833897826983023,7.368421052631579
20,8.173027985933663,7.229965156794425
21,8.352398567875612,7.569391392920805
22,8.054462740677632,7.29490022172949
23,7.724003536564124,6.489442592267649
24,8.15518884858681,7.604672681008559
25,7.887611696247764,6.818181818181818
26,8.212313773042489,7.563025210084033
27,7.8659453423334345,7.265395894428153
28,8.156343391583317,7.563025210084033
29,8.331762788374578,7.118249062721654
30,8.326113862613234,7.534246575342466
31,7.914261965364123,6.976744186046512
32,7.989831221056316,7.518796992481203
33,7.99136533316934,6.896551724137931
34,8.293677930639609,7.6923076923076925
35,7.820687087230205,7.34006734006734
36,7.925021449014456,6.923076923076923
37,8.391913164633843,7.287568843430369
38,8.19648793135018,6.883390365885759
39,8.11390138312547,7.613871635610765
40,8.095265821328775,7.655677655677655
41,8.240053634115084,6.84633411449615
42,8.237993240689386,7.627118644067797
43,8.106418856070949,7.2727272727272725
44,8.007802973267731,7.547169811320755
45,7.738597222142692,6.796116504854369
46,8.133093192902422,7.490741779822692
47,8.192730912674143,7.619047619047619
48,8.633675160396953,7.6923076923076925
49,8.259347109058481,7.236363636363636
50,8.056617503125684,7.138957138957139
51,7.8973726381935085,7.114735658042745
52,7.808870703302433,6.89291101055807
53,8.148984325456192,7.246376811594203
54,8.131995950244487,6.521739130434782
55,7.800761455438391,7.29490022172949
56,7.965271678537636,7.317073170731708
57,8.232567291077544,7.377049180327869
58,7.9516707506727755,7.03125
59,8.036576924646688,7.27141636402478
60,7.998292361443452,7.1067821067821075
61,8.185676790994226,7.258064516129032
62,7.901115282759114,7.205369724838686
63,8.089129598729667,7.015625
64,8.248442905760454,6.9666329625884735
65,8.206571993972073,7.575757575757576
66,8.006275695104998,7.6923076923076925
67,7.864126292295801,7.518796992481203
68,8.244106464092026,7.518796992481203
69,8.192189904228753,7.758620689655173
70,8.081401568401208,7.017543859649122
71,8.105640034299489,7.6923076923076925
72,7.8935081903049005,7.083130095463731
73,7.956769572931711,6.862745098039215
74,7.992361468602165,6.920498084291188
75,8.029254731041785,6.666666666666667
76,8.176535364519173,7.207207207207207
77,8.080711117388937,7.0588235294117645
78,8.102031375573732,7.575757575757576
79,8.188179337217505,7.462686567164179
80,8.222774780856055,7.079646017699115
81,8.282053161706,8.13953488372093
82,8.00574890947637,6.93829921719259
83,8.370515061588142,7.627118644067797
84,7.959328378105786,7.168550873586845
85,8.16379259506415,7.500520869504827
86,8.030077199387161,6.976744186046512
87,7.912253476682523,7.272994416691155
88,8.093927397077533,7.453703703703704
89,8.360142638115478,7.317073170731708
90,8.299923490316152,7.317073170731708
91,8.005318781417238,6.862899005756148
92,7.976203713744527,6.798921417565485
93,7.9063722018206635,7.017543859649122
94,7.818702677519333,6.896551724137931
95,8.128625596596851,7.574616053317879
96,8.045669991440299,7.547169811320755
97,7.904885803157482,6.997144022847817
98,8.005282948287615,7.200460829493087
99,8.14243036738236,7.555097510702394
100,8.273660937943214,7.291666666666667
101,7.975765314532083,7.229032258064516
102,8.275727814476323,7.31283422459893
103,8.22152986821554,7.496989160979526
104,8.2685331166086,7.591036414565826
105,7.92554628661902,7.368421052631579
106,8.071323875118418,7.377049180327869
107,8.01279630559847,7.265395894428153
108,7.963895986838652,7.136797454931071
109,8.16737719157074,7.006369426751593
110,8.208529389176114,8.302005012531328
111,8.258269555989408,7.317073170731708
112,8.267328091895665,7.37475280158207
113,8.016509987515553,7.382550335570469
114,8.319366555386273,7.526881720430108
115,8.283741467395854,6.883390365885759
116,8.106379740606132,6.896551724137931
117,8.115392512505084,7.438524590163935
118,8.145385997584604,7.100840336134453
119,8.171855751219244,7.151988636363637
120,8.155637141571706,7.3887330351050124
121,7.728694390727185,6.748843262001157
122,8.511658939521187,7.111251580278129
123,8.252717803012617,7.759197324414716
124,8.234583101250402,7.042253521126761
125,7.978378140042949,7.2727272727272725
126,8.236752975549647,7.377049180327869
127,7.950336864349302,6.666666666666667
128,8.301587494192368,6.936647955092221
129,8.389766763084378,7.627118644067797
130,8.090653990783608,7.200460829493087
131,8.297714810188713,7.627118644067797
132,7.982729310366689,6.936647955092221
133,7.8948957971746765,7.482993197278912
134,8.118733016161281,7.317073170731708
135,8.351812869623245,7.586206896551724
136,8.223316207700865,7.627118644067797
137,8.099600709622395,7.942696924559712
138,7.817025195091302,6.798921417565485
139,7.98595111163768,6.896551724137931
140,8.171981547378918,7.390873015873016
141,8.243933916840339,7.5
142,7.87762913128624,6.779661016949152
143,8.132347922373464,7.552501944516464
144,8.031340795832241,7.287568843430369
145,8.20079520619154,7.179663345929234
146,8.124809477154253,7.29490022172949
147,8.149975310753964,6.8595967139656455
148,8.176149125467726,7.4766355140186915
149,8.268053287740255,7.6923076923076925
150,8.299418059172181,7.970356926799758
151,7.958062644458095,6.896551724137931
152,8.028242422883906,7.258064516129032
153,7.8949598161513865,7.534246575342466
154,8.122283167194084,7.142857142857143
155,7.9909812492522345,7.287568843430369
156,7.927010879468221,7.142857142857143
157,8.02752724017731,6.896551724137931
158,8.111571734797874,7.8125
159,7.966455323209757,7.229032258064516
160,8.17237573606672,7.482993197278912
161,8.144562781909853,7.229965156794425
162,8.046831132218845,7.537025765875431
163,8.212020358945537,7.6923076923076925
164,8.321651223464352,7.46288441145281
165,7.954104454246615,7.287568843430369
166,8.278151909140126,7.281724991162955
167,8.161699179406272,7.710597826086957
168,7.981103107698678,7.142857142857143
169,8.334403558254273,7.741908644645977
170,7.940939486031941,7.299270072992701
171,8.223700104302903,7.597402597402597
172,8.18742741390495,7.171428571428572
173,8.239454089722841,7.874015748031496
174,8.248434264347333,7.308171621862204
175,8.053811427752219,6.612021857923498
176,7.911273589701977,6.8670792808723835
177,8.17079493023274,7.775414240931482
178,8.414306555385267,7.571053260090757
179,8.343544997867166,7.894736842105263
180,8.294778537344508,7.547169811320755
181,8.087369902246328,7.547169811320755
182,8.067450176731935,7.5
183,8.140980054488486,7.547169811320755
184,8.056473826805473,7.317073170731708
185,8.241201623236458,7.157490396927017
186,8.036561410608199,7.422711968166514
187,8.139284047826687,7.265395894428153
188,8.156573511056454,6.896551724137931
189,8.12440498347349,7.142857142857143
190,7.948758887456148,6.962025316455696
191,8.18010223003446,7.478406760703411
192,8.086023587046027,7.575757575757576
193,7.983763848191899,7.462686567164179
194,8.274981079623238,7.0119566432003575
195,8.215613964514896,7.3276388041488705
196,8.294773104488174,7.086614173228346
197,8.145644814428309,7.547169811320755
198,8.355968281892176,7.142857142857143
199,7.919874012084968,7.179675994108984
200,8.449874816177207,7.6923076923076925
201,8.126335542942487,7.817672523554876
202,8.30575703884895,6.926536731634183
203,8.13280003128456,7.23263586166812
204,8.22188661671205,7.2
205,8.25887204659288,7.3622402890695575
206,8.143496813189637,7.400033184005309
207,8.142412791228175,7.102466911079351
208,8.141605775426468,7.304369918699187
209,8.17344858862724,7.518796992481203
210,8.16747589814555,7.327255687143222
211,7.949998736630189,7.285998672859987
212,8.037418583781516,7.061724290780141
213,7.9797838395425265,7.051282051282051
214,8.239011172327018,7.563025210084033
215,8.072283163028048,7.352941176470588
216,8.306849880994609,6.862745098039215
217,7.930595250562607,6.896551724137931
218,7.817586708683211,7.096774193548387
219,8.271994446571211,7.377049180327869
220,8.182912357429624,7.017543859649122
221,8.090683340296554,6.82494501229137
222,8.229250966252492,7.080200501253133
223,8.126340179051093,7.017543859649122
224,7.981922014482301,6.896551724137931
225,8.232253516572984,7.142857142857143
226,8.248917405680395,7.079646017699115
227,8.18992093135134,7.070707070707071
228,8.193773446088978,7.569558101472995
229,8.290780588909799,7.287568843430369
230,8.273753628573552,7.563025210084033
231,8.036043950746645,7.092198581560283
232,8.178714735844077,7.478406760703411
233,7.8038998549394805,6.754245163470474
234,8.086032600716843,7.317073170731708
235,8.251662312724582,7.019704433497537
236,8.291928159942636,7.258064516129032
237,8.179190715369193,7.407407407407407
238,8.051691764570473,7.339449541284404
239,8.179271299529411,7.853618421052632
240,8.22715556240803,7.547169811320755
241,8.248022240694164,7.894736842105263
242,8.045558337598749,7.142857142857143
243,8.145990447378852,7.4420214607130495
244,8.318751828161117,7.228915662650603
245,7.997286877847136,7.079646017699115
246,8.007823626812238,6.923076923076923
247,8.261937891985008,7.518796992481203
248,8.068424400050118,7.023725628376791
249,8.161943936649447,7.5228393564556555
250,8.115825460653994,7.6276664511958625
251,8.231891933827075,7.758620689655173
252,8.181119966156915,7.02112676056338
253,8.148675271636806,6.821203057494184
254,8.065073081714923,7.070707070707071
255,8.282774375339512,7.03675176056338
256,8.069092500693868,7.006369426751593
257,8.246144142518252,7.746478873239437
258,8.343636921627104,7.604672681008559
259,8.061874141015936,7.258064516129032
260,8.272040248884888,7.608695652173913
261,8.40066609922011,7.700922266139658
262,7.860628170817701,7.490741779822692
263,7.863458409577,7.717503112987927
264,8.2988958479066,7.775414240931482
265,8.268443623265348,8
266,8.167983466418816,6.880341880341881
267,8.056381936692118,7.243490089389818
268,7.809694908351551,7.233485938521909
269,8.204110200861388,7.619738751814223
270,7.974726068808196,6.70334605883674
271,8.11261640613442,7.171428571428572
272,8.414792149909095,7.352941176470588
273,8.488423396831104,7.317073170731708
274,8.09764341695482,6.897463002114165
275,7.858960932600442,7.052079016438734
276,8.20295810152147,7.086614173228346
277,7.964036650289821,6.969402622632346
278,8.305864777467251,7.3879142300194935
279,8.665478107986546,7.874503968253968
280,8.444206991402572,7.292128193767538
281,8.184016438369357,7.298668357641091
282,8.310443779949466,7.547169811320755
283,8.241529510321348,7.8125
284,8.144624082913259,7.111251580278129
285,8.26193110803489,7.453703703703704
286,8.113914283186793,7.537025765875431
287,8.14703542529018,6.976744186046512
288,8.184995832790278,7.070707070707071
289,8.087094594449075,6.930693069306931
290,8.211031407981945,7.587144227694276
291,7.832083081675575,7.142857142857143
292,7.899964265201069,6.868091378039793
293,8.028883306445074,6.976744186046512
294,8.195786856819769,7.2547846889952154
295,8.237106376135946,7.4690082644628095
296,8.250603906393579,7.258064516129032
297,7.97451302331646,7.136797454931071
298,8.24353254386844,7.377049180327869
299,7.88733499763886,6.9666329625884735
300,8.187728947818016,7.142857142857143
301,8.066276367012573,6.779661016949152
302,8.1178172897449,7.2
303,8.32808557776988,7.950441412520064
304,8.039808604346625,7.523584905660377
305,8.378331966923481,7.377049180327869
306,8.204623657167966,6.952499309582988
307,8.258123500655111,7.8125
308,7.966108740405026,7.339449541284404
309,8.134281018645735,7.643622200584225
310,8.096272235954215,6.958041958041958
311,8.305506776539763,7.575757575757576
312,8.16726463276467,7.258064516129032
313,8.461599195947572,8.260671771931154
314,8.372780216739041,7.555002075550021
315,8.240866004000736,7.317073170731708
316,8.155075840014742,7.860411899313501
317,7.934469362008732,7.142857142857143
318,8.071121338183652,7.092555331991952
319,8.405691640580004,7.634032634032634
320,8.009045052434407,7.462686567164179
321,8.178155261156798,7.469661040591435
322,8.0988510769959,7.299270072992701
323,7.967566811190356,7.079646017699115
324,8.140460406636244,7.339449541284404
325,7.897080317698368,6.730769230769231
326,7.853330245531507,6.862745098039215
327,8.18981245038396,6.781516899043726
328,8.111064009945725,7.117527862208713
329,7.909576674588492,7.571053260090757
330,8.130313402561333,7.024360160345359
331,7.86536805125706,6.923076923076923
332,7.833255707673303,6.581319870176704
333,8.317463548008247,8.108108108108109
334,7.978114769486325,7.142857142857143
335,8.0759298261494,7.080200501253133
336,8.092006963943682,7.247453310696095
337,8.263654882119711,7.29490022172949
338,8.100476027475882,7.633587786259542
339,8.163296101256389,7.377544849828664
340,7.9838413987501955,6.666666666666667
341,8.294422795815631,7.352941176470588
342,7.917580646629311,6.722689075630252
343,7.958651333841345,6.935114503816794
344,8.264759633272863,7.8431372549019605
345,8.111701183658939,7.627118644067797
346,7.97687542660179,7.6923076923076925
347,8.151084486367221,8.080808080808081
348,8.345894341256434,7.201843671980027
349,8.075194523874844,6.862745098039215
350,7.853558468606147,6.862745098039215
351,7.890383381905805,7.306088407005838
352,8.12705804835948,7.36864330095916
353,8.326987041786843,7.8125
354,7.820149299269628,6.840463458110516
355,8.032788643243867,6.936647955092221
356,8.113380424626362,7.386363636363637
357,8.153039669346857,7.894736842105263
358,8.17067096483086,7.587144227694276
359,7.965524211869043,7.1067821067821075
360,8.171189600376968,7.142857142857143
361,7.983772319648875,7.3622402890695575
362,8.159091760885689,7.627118644067797
363,8.39848289277657,7.4766355140186915
364,8.318207434888425,7.48134328358209
365,8.187682482334301,7.2
366,8.213307939822888,7.280074191838898
367,8.190191537539079,7.619047619047619
368,8.252975947872752,7.633587786259542
369,8.096980619515694,7.142857142857143
370,8.16514605948623,7.619738751814223
371,8.108824631300573,7.563025210084033
372,8.016497530484942,7.373428474345905
373,8.2986119015911,7.627118644067797
374,8.28255645779728,7.254080756013746
375,8.289636911435931,7.265395894428153
376,8.33918364466959,7.779599041734964
377,8.33534100672534,7.317073170731708
378,8.136065294373292,7.793522267206478
379,7.918052535168122,6.666666666666667
380,8.10475612036994,7.207207207207207
381,7.87189221917496,7.347061175529788
382,7.859429705351941,7.478406760703411
383,8.099856280131064,7.017543859649122
384,8.373221107306005,7.592226613965744
385,8.066419765426888,7.258064516129032
386,7.8971773952693765,6.967964620860748
387,7.980081112349709,7.049689440993789
388,8.229278411040884,7.171428571428572
389,7.974622018049739,6.913622396722431
390,7.982876362910258,6.640033062405291
391,8.17862016937389,7.142857142857143
392,7.916832705937524,7.4503515480449
393,8.436575520300117,7.961966961198616
394,8.014158422157774,7.575757575757576
395,8.233822975291327,7.894736842105263
396,8.28615463606361,7.751937984496124
397,8.098544116155573,7.43801652892562
398,7.907484056840803,6.976744186046512
399,8.303462623891207,7.879952690715553
400,7.865342627828746,6.675081675081675
401,8.297076082637753,7.216494845360825
402,8.311660708817111,7.518796992481203
403,8.246355800009727,7.5093984962406015
404,8.323517970569359,7.529375386518244
405,7.989489397168556,6.930693069306931
406,7.976382659825935,7.982300884955752
407,8.27286342919322,7.634032634032634
408,8.320104038417087,7.547169811320755
409,8.17562930768033,7.317073170731708
410,8.07525058775459,6.923076923076923
411,8.203173726895278,7.660822949869603
412,7.80074807786078,6.363636363636363
413,8.068641738660196,6.844205412907703
414,8.124061851290884,7.392228293867638
415,8.187510754831964,7.23996723996724
416,8.31438403943443,7.6923076923076925
417,8.04566285745133,7.317073170731708
418,7.757287533174504,7.446808510638298
419,8.077715312655188,6.896551724137931
420,8.071386114333787,6.957047791893526
421,8.043249466860399,7.526881720430108
422,8.154046622697251,7.547169811320755
423,7.892878970275895,6.8493150684931505
424,8.079171784687333,6.838106370543541
425,8.150058148868817,7.473404255319149
426,8.096988721012178,6.731391585760518
427,8.191503526436344,7.6923076923076925
428,8.371778828424944,7.368421052631579
429,8.011121267905779,7.492872416250891
430,8.119416264718328,7.563025210084033
431,8.29530970147846,7.1942446043165464
432,8.008217726002316,7.2
433,7.955513650540274,7.585860431128973
434,8.185005036914442,7.111251580278129
435,8.259725618404937,8.035714285714286
436,7.981499461595948,7.2
437,8.059469779606381,7.377049180327869
438,7.897435757549964,6.855177043128041
439,8.203514000601242,7.086614173228346
440,8.09305280978111,7.532983401900979
441,8.11514901823498,7.323404255319149
442,8.117880551187868,7.6923076923076925
443,8.077240980291437,7.377049180327869
444,8.034875268942443,7.352941176470588
445,8.1121292661542,6.993006993006993
446,8.043343850354344,7.044125465178096
447,8.150404970089166,7.151554509294586
448,8.054251677856227,7.079646017699115
449,8.10158961634418,6.993006993006993
450,8.146795493435354,7.352941176470588
451,8.39439765690339,7.6923076923076925
452,8.049495876571246,7.317073170731708
453,8.168028715256456,7.6923076923076925
454,8.066336224951373,6.764705882352941
455,8.140940391941228,7.2
456,8.241861586833238,7.352941176470588
457,8.006241383038656,7.258064516129032
458,8.199950582008714,7.070707070707071
459,8.033032295807146,7.2
460,8.21175302674878,7.142857142857143
461,7.898545150279015,6.883390365885759
462,8.093687865011605,7.086614173228346
463,7.979015275428005,7.003997093023256
464,8.232832557606272,7.601438109912687
465,8.167333305360422,7.142857142857143
466,8.094761610539429,7.904202953426732
467,8.102931964816264,7.299270072992701
468,8.093729820365205,7.142857142857143
469,7.8118019173167434,6.862745098039215
470,8.18712849806418,7.207792207792208
471,8.13824078900826,7.302771855010661
472,8.067699256763115,7.092555331991952
473,8.152674441420112,7.819293478260869
474,8.166022166172343,7.228915662650603
475,8.196080160331933,7.552501944516464
476,8.319976111637033,8.17999330879893
477,8.151706772707275,7.547169811320755
478,7.967148161331365,7.111251580278129
479,8.008328966221098,7.5
480,8.145584498650994,7.23263586166812
481,8.129692384285214,6.8493150684931505
482,8.093166819774005,7.407407407407407
483,8.01098598775911,7.207207207207207
484,7.96097019649839,7.8125
485,8.110461526933838,7.446808510638298
486,8.039768737038523,7.555097510702394
487,8.179091081721538,8.064516129032258
488,7.895433158200893,6.976744186046512
489,8.19079351564183,7.435046987285793
490,8.042918134738244,6.896719083673073
491,8.234575701409263,7.497716253249948
492,7.825135858293919,6.956521739130435
493,8.277760347323829,7.142857142857143
494,8.305962794688137,7.258064516129032
495,8.27338783299707,8.1789594053745
496,8.009430504831574,7.070707070707071
497,8.284345933561662,7.6574815972900785
498,8.152572356199867,6.8718307396397975
499,7.905542664526645,7.070707070707071
500,8.37640021177949,7.555097510702394
501,8.005250568453107,7.229965156794425
502,8.233895830925622,7.6330037664783426
503,7.8962408304448894,6.78788876090176
504,8.151696083543548,7.142857142857143
505,8.129704286609195,7.142857142857143
506,7.9273092933958855,7.079646017699115
507,8.237123715804682,7.142857142857143
508,8.232793364001726,8.064516129032258
509,8.272734149450622,7.227780194287371
510,8.233741573097397,7.636238337574216
511,8.080626662517655,7.457795431976167
512,8.171311150449522,7.258064516129032
513,7.937447760286567,7.44520030234316
514,8.085666512643334,7.422711968166514
515,7.816788790410754,7.243490089389818
516,8.175958495478337,7.518796992481203
517,8.09988251323156,7.601816180517336
518,8.152086558252023,7.575757575757576
519,8.176177426587067,7.259953161592506
520,8.02792092666449,7.302771855010661
521,7.987114360504794,7.142857142857143
522,7.987463437358198,7.290436835891382
523,8.313320398821999,7.497716253249948
524,8.13527883113692,6.91786283891547
525,7.987090957232515,6.962025316455696
526,8.273169947001449,7.1067821067821075
527,8.030426479459411,7.317073170731708
528,8.07870750850221,7.006369426751593
529,8.160476309941375,7.5950719270759155
530,8.306826185443542,7.215543354789852
531,8.029340780170608,7.207207207207207
532,8.107418860184616,7.3055028462998095
533,8.145012822540044,7.5068870523415985
534,7.823220626904593,7.407407407407407
535,8.133785728287489,7.659713168187745
536,8.29307029080792,7.920792079207921
537,8.179919391547232,7.6923076923076925
538,8.14190357451639,6.9397993311036785
539,8.036015122193179,7.071428571428571
540,8.300222795984949,7.780019564685743
541,8.09001917685198,7.563025210084033
542,8.381502548354177,7.583917180801004
543,8.183319912684778,7.118249062721654
544,8.072631740640004,7.317073170731708
545,7.827651855876376,6.521739130434782
546,8.244759989167886,7.142857142857143
547,7.893104032322717,6.799418796644871
548,8.123439525025974,7.34006734006734
549,8.161314414604599,7.258064516129032
550,8.15503150601006,7.5
551,8.147608554736781,7.042253521126761
552,8.444829143657449,7.638888888888889
553,7.850187910238951,7.1068124474348195
554,7.979299172181072,6.896551724137931
555,8.239374321714218,7.346195358877496
556,8.049487785026162,7.228915662650603
557,8.077051308994143,6.862745098039215
558,8.076105625962898,6.818181818181818
559,8.093938466366161,7.894736842105263
560,8.084034355939686,7.563025210084033
561,8.516084659611733,7.5093984962406015
562,8.00788565664272,7.171428571428572
563,7.916297493824727,7.079646017699115
564,8.412771873017622,7.688691915122213
565,8.193875935495388,6.9848755895267525
566,8.078802890790232,6.8796484110885725
567,8.26858264617325,6.9397993311036785
568,7.9217772777226445,6.923076923076923
569,8.171223747289577,7.352941176470588
570,8.132794466076572,7.6276664511958625
571,8.190406498094802,7.258064516129032
572,7.992814246779466,7.070707070707071
573,8.17132431648881,7.017543859649122
574,7.947014237609127,7.0281951018728135
575,8.206393270620218,7.751937984496124
576,8.182204541895297,7.042253521126761
577,8.263447495888114,7.392228293867638
578,8.243902334288565,7.4324324324324325
579,8.170937554756481,7.259953161592506
580,8.09411633473505,7.575757575757576
581,8.025375619214472,6.796116504854369
582,8.402317056968148,7.086614173228346
583,8.284070195519513,7.712897789233667
584,8.207724630785568,7.407407407407407
585,8.134238796899151,7.384151090342679
586,8.07432668560135,7.194616977225673
587,8.17317829118899,6.991556806399052
588,8.105298270255233,7.320307425849751
589,7.984584378059623,7.086614173228346
590,7.895933610286801,6.993006993006993
591,8.120003236850538,7.407407407407407
592,8.12727170677049,7.633587786259542
593,7.975506361638416,6.923076923076923
594,8.192492756547175,7.627118644067797
595,8.088509506096749,6.816861671230603
596,7.869636342658269,7.229965156794425
597,8.34773366492342,7.4766355140186915
598,7.823802618413726,6.784188034188034
599,8.135937026482809,7.291666666666667
600,8.218858373355317,7.171428571428572
601,8.182005337092052,7.265395894428153
602,8.20864806342888,6.8081161808631165
603,8.263831962978013,7.38511620864562
604,8.14977900157792,7.083130095463731
605,8.253656382767401,7.241153342070774
606,8.16387504894852,7.144657258064516
607,8.130322408704602,7.540911101282618
608,8.08772962767028,6.843645484949833
609,8.260734007388594,6.8493150684931505
610,7.8161556092098214,7.29490022172949
611,8.273968343478243,7.4690082644628095
612,8.00132815473883,6.971195557869166
613,8.233612137963615,7.627118644067797
614,8.107896408899958,7.258536585365854
615,8.353228945246778,7.8125
616,8.14978265162292,8.166977611940299
617,8.024572716202522,7.051282051282051
618,7.977934786895972,7.070707070707071
619,8.11138058265274,6.969402622632346
620,8.018529450054178,6.999387630128598
621,8.050239622444636,7.43801652892562
622,8.144795701232818,7.291666666666667
623,8.203482612023587,7.7221228384019085
624,8.009564808495398,7.422711968166514
625,8.255625175540912,7.142857142857143
626,8.329377599270366,7.6923076923076925
627,8.335587602876123,7.43801652892562
628,8.292942376402893,7.368421052631579
629,7.98037538030839,7.229965156794425
630,8.007442792208371,7.759197324414716
631,8.024072089962072,7.265395894428153
632,8.23303971730099,7.33273596176822
633,8.157496780849486,7.43801652892562
634,8.11171439239801,7.6923076923076925
635,7.894750581960751,7.563025210084033
636,7.884139103274009,7.074613284804368
637,8.0650186453798,7.207207207207207
638,8.177331988022878,6.432230102442869
639,7.764147785984978,6.3660925363053025
640,8.351167820928024,7.936507936507937
641,7.931801756940333,7.462686567164179
642,8.124270476670254,7.547169811320755
643,7.70622938501483,7
644,8.17759527974933,7.317073170731708
645,8.169954496033684,7.407407407407407
646,8.016784824715156,7.2
647,8.008925593490021,7.087053571428571
648,8.085265273426106,6.956521739130435
649,8.15933294215549,7.407407407407407
650,8.350543389031113,7.575757575757576
651,7.914865348784664,6.883390365885759
652,8.353231579863232,7.874015748031496
653,8.175388357369465,7.547169811320755
654,8.275111408296231,7.500520869504827
655,8.26385233153888,6.722689075630252
656,8.110455225027223,7.547169811320755
657,8.150119471172667,7.534678436317781
658,8.244898576882203,7.377544849828664
659,7.9559165707655755,6.896551724137931
660,8.088586848252694,7.491496598639456
661,8.05375449019446,7.216494845360825
662,7.88997148230883,7.4720893141945774
663,8.048962680609698,6.870229007633588
664,8.272846530640324,7.751937984496124
665,8.283252512667731,7.864357864357864
666,8.304332936330326,7.368421052631579
667,8.445639533451363,8.295107033639145
668,8.366408879469445,7.299270072992701
669,8.184334972192836,7.352941176470588
670,7.9034936427246345,6.400409626216078
671,8.098212799071652,7.43801652892562
672,8.104353953981068,7.229032258064516
673,8.18398747754515,7.633587786259542
674,8.292750939695527,7.222569879015436
675,8.140256648586805,7.968253968253968
676,8.20609444345936,7.575757575757576
677,8.224697669399998,7.462686567164179
678,8.14936679664049,7.2727272727272725
679,8.239434558563673,7.596153846153847
680,7.895518569333833,7.265395894428153
681,8.066286666449656,6.956521739130435
682,8.219793875973364,7.627118644067797
683,8.019742462197446,7.531512605042017
684,8.044040507273602,6.930693069306931
685,7.94963049014347,6.956521739130435
686,7.904024090419102,7.216494845360825
687,8.078878391661892,7.353603603603604
688,8.048324636129854,7.291666666666667
689,8.148170483714049,7.358249360806136
690,8.237756348554077,6.818181818181818
691,8.158207718409637,7.377049180327869
692,7.791280968554556,7.083130095463731
693,8.054314769093109,7.462686567164179
694,7.848155153391085,7.042253521126761
695,8.398314677661615,7.462686567164179
696,8.206542180356028,7.0509785353535355
697,7.848396716496127,7.377049180327869
698,8.139418719801803,7.575757575757576
699,8.100093698839354,7.142857142857143
700,8.330082194409776,7.619047619047619
701,8.028295953613606,7.741935483870968
702,7.872936965632115,7.3248882265275705
703,8.150825974576335,7.200460829493087
704,8.315177891190286,7.838834269662922
705,8.031908952141135,7.746478873239437
706,8.033516326157272,7.003997093023256
707,8.171589810567905,7.150159018627896
708,8.098521848000148,7.258064516129032
709,8.331549991663422,7.627118644067797
710,8.0878479352817,7.488317757009346
711,8.307499301343576,7.352941176470588
712,8.096258655161687,6.802721088435374
713,8.124781873299657,7.207207207207207
714,8.125698225097556,7.114735658042745
715,8.01206324420896,6.988372093023256
716,8.091970731613426,7.377049180327869
717,7.904104401663836,6.557377049180328
718,8.127339467416085,6.896551724137931
719,8.122808905432084,7.29490022172949
720,7.975732143761325,7.377049180327869
721,8.01512205072152,6.9666329625884735
722,8.228444588384924,7.857142857142857
723,8.014127360438833,7.142857142857143
724,8.164755203008008,7.526881720430108
725,8.035997602612607,7.526881720430108
726,8.133040313420683,7.894736842105263
727,8.245617417295529,7.517123287671232
728,8.08289609724885,7.774725274725275
729,7.719207210096693,7.258064516129032
730,7.9295866135651645,7.008653621267639
731,8.229791268520023,7.518796992481203
732,8.074348168190777,7.8431372549019605
733,8.083592971068377,7.065464034490583
734,8.324800582607768,7.705057045945113
735,8.07096269336644,7.462686567164179
736,8.005432192480853,7.258064516129032
737,8.216750585377637,7.070707070707071
738,8.166161740956362,7.4503515480449
739,8.156678084310792,6.870229007633588
740,7.874972591461157,7.48134328358209
741,8.247073979346364,8.064516129032258
742,8.329409007387476,7.317073170731708
743,8.033242713864462,7.171428571428572
744,8.321115310041405,7.575757575757576
745,8.074078827025165,7.27486559139785
746,8.078520793727455,7.017543859649122
747,8.060402675468024,7.373428474345905
748,8.349105947591296,7.3248882265275705
749,7.916668358335964,6.818181818181818
750,8.288140065310532,7.826086956521739
751,8.201720609709549,7.137804187889078
752,7.892258399872818,6.557377049180328
753,7.9813054445370835,7.317073170731708
754,7.723403544841949,6.755215123859191
755,8.28506222658659,7.518796992481203
756,7.8691682765281215,7.583108715184187
757,8.14118218180674,7.086614173228346
758,7.984143139712387,7.644386761842959
759,7.875567106950548,7.142857142857143
760,8.017446576791812,7.491582491582491
761,7.926359424595699,6.862745098039215
762,8.385600302088097,7.575757575757576
763,8.108406013254855,7.633587786259542
764,8.288999311624835,7.33273596176822
765,7.9937077512693655,7.563025210084033
766,8.148848012308568,7.142857142857143
767,8.500751157946178,7.8163182188433344
768,7.980733055723419,7.258064516129032
769,8.2699467624025491,8.035714285714286
770,8.235513915332081,7.111251580278129
771,8.060475564930421,7.294891640866872
772,8.384602819813301,7.751937984496124
773,8.321420608720372,7.377544849828664
774,8.210816709521144,7.42684234717328
775,8.310018799956376,7.758620689655173
776,8.069051883972556,7.212355941809937
777,7.952708183438315,7.2
778,8.03682846257287,6.930693069306931
779,8.018520550775005,7.419867873746024
780,8.13389387965535,7.518796992481203
781,8.2264348718652,7.9855072463768115
782,8.225021698857876,7.462686567164179
783,8.087326119023752,6.9499105545617175
784,7.936278906020107,6.976744186046512
785,8.12380884465416,7.482993197278912
786,7.956197199377224,7.117527862208713
787,8.023257651785213,7.1067821067821075
788,7.915067285004104,7.142857142857143
789,8.129264043289844,7.317073170731708
790,7.9082540525039855,6.968531248029262
791,7.934683675920566,7.409274193548388
792,8.01939994207967,7.826086956521739
793,7.980633385280725,6.883390365885759
794,8.023504585210832,7.031679179637429
795,8.06658715807597,7.358249360806136
796,8.308575394036502,7.349764336213669
797,8.130305945498499,7.6330037664783426
798,7.905884121701904,7.575757575757576
799,8.049690146251365,7
800,8.080450108821665,7.339449541284404
801,8.1240268544238,7.551319648093842
802,8.127459489637133,7.504928189242467
803,7.826887763670997,6.956521739130435
804,8.168708684814005,7.649553897908439
805,8.01416108549606,7.2
806,8.067165930444473,7.221063607924922
807,8.454507355621505,8.19672131147541
808,8.168743039320121,7.504928189242467
809,8.238677666904188,7.598306498171787
810,7.967220285484386,7.547169811320755
811,8.308753957149166,7.6923076923076925
812,8.180026445163135,7.142857142857143
813,8.158151547408712,7.223188405797101
814,8.127309805847377,7.207792207792208
815,8.043375924537475,7.142857142857143
816,7.905702409830284,6.976744186046512
817,8.232755105949513,7.216494845360825
818,8.251291310200287,7.43801652892562
819,8.033326335750182,7.43801652892562
820,8.250645485359346,7.407407407407407
821,7.952398979653422,7.007672634271099
822,8.164426205811068,7.207792207792208
823,8.187247642285518,7.565162110616656
824,8.285013820894214,7.752403846153847
825,7.972127058879231,7.258064516129032
826,8.249551686192632,7.2621401889694575
827,7.931036150873438,6.969402622632346
828,8.40601211861248,7.4808184143222505
829,8.302660212737711,7.407407407407407
830,8.330604108224453,7.377049180327869
831,8.10436092300447,7.017543859649122
832,8.202635051828375,7.3884307543051175
833,8.156647715577298,7.317073170731708
834,8.082140550676403,7.2368421052631575
835,8.193809591143884,7.142857142857143
836,8.428395571300285,6.980994152046783
837,7.7937564874177605,7.034412955465587
838,8.293987121847177,7.111251580278129
839,8.123169634181899,6.976744186046512
840,7.928122790557021,6.779661016949152
841,8.118180767565848,7.079646017699115
842,8.186042919013286,7.518796992481203
843,8.262508763535932,7.964601769911504
844,7.996050328670255,6.759569499441568
845,8.08447381766642,7.086614173228346
846,8.139817751460154,7.3622402890695575
847,8.033970720002042,6.969402622632346
848,8.3114943820674,7.547169811320755
849,8.207062810301407,7.964601769911504
850,8.020613309374523,6.557377049180328
851,8.23327544999914,7.530564147886286
852,8.388106187996407,7.874503968253968
853,8.44622716286407,7.462686567164179
854,8.173826776714948,6.802721088435374
855,8.303559275015242,7.569391392920805
856,8.060013428472491,7.207207207207207
857,8.399503512737036,7.894736842105263
858,8.033020570211871,7.352941176470588
859,8.364144299150027,6.896551724137931
860,8.210053952242081,7.900207900207901
861,8.184851412099173,7.5228393564556555
862,8.27373474969425,7.563025210084033
863,7.755816872127627,7.142857142857143
864,7.997666498504164,7.291666666666667
865,8.26357636498071,7.2
866,8.316150841775823,7.475186104218363
867,8.204459694406623,7.373428474345905
868,8.270526346608898,7.403218790778599
869,8.149333552185427,7.2
870,8.22520326970497,6.935114503816794
871,8.133130093357371,7.4766355140186915
872,8.336128838834929,7.24963503649635
873,8.21870005137195,7.547169811320755
874,8.356808771972654,8.24985824985825
875,8.178384994454323,7.826086956521739
876,7.938776942025738,7.070707070707071
877,7.990186453232875,7.253238640099954
878,8.16474893340094,7.717503112987927
879,7.94063261431794,6.956521739130435
880,8.251007063038964,6.755215123859191
881,8.052166659313466,7.179675994108984
882,8.071129107154604,6.75940279024231
883,8.041241067013772,7.62631770265358
884,7.863751022216859,7.092555331991952
885,8.191855813927884,6.999688209879293
886,8.417165566456717,7.874015748031496
887,8.09554901659693,6.796116504854369
888,8.188383197528111,7.094486387554335
889,7.986615240828331,6.993885869565217
890,8.187576016606041,7.142857142857143
891,8.43050558041341,7.291666666666667
892,8.339713463224644,7.4547475389012385
893,7.841177486256636,6.796116504854369
894,7.991437909300484,6.870229007633588
895,8.184993317641595,7.619047619047619
896,7.978694408522809,7.258064516129032
897,8.02295210658306,6.87293339631554
898,7.930674984340295,6.8104514533085965
899,8.223574775335322,7.273328374245805
900,8.207791861452021,7.627118644067797
901,7.881244415209349,6.896551724137931
902,8.329903611709291,7.4766355140186915
903,7.907053207668423,6.593406593406593
904,7.690330703960189,6.0606060606060606
905,8.23336624065164,7.312925170068027
906,8.12161843394408,7.590378798790148
907,8.100242687801103,7.017543859649122
908,7.8673134635885,7.142857142857143
909,7.902516052382615,6.779661016949152
910,8.377563267333526,7.627118644067797
911,7.8406001584637055,6.4
912,8.010205187631684,7.627118644067797
913,8.10988409647835,7.766990291262136
914,8.289069737690298,7.547169811320755
915,8.232697128305261,7.555097510702394
916,8.082279895074235,7.207792207792208
917,8.43121950306022,7.894736842105263
918,8.187932436432707,7.486131552134043
919,8.06652542772544,7.258064516129032
920,8.33547534996502,7.828454731109598
921,8.025326815884469,6.977163461538462
922,8.009224569880935,7.34006734006734
923,8.090217679400157,7.601438109912687
924,7.847459423704633,7.462686567164179
925,8.072761743152798,7.304369918699187
926,8.10967522947649,7.368421052631579
927,8.060198340859872,7.526881720430108
928,8.045938399554625,6.92348659684005
929,7.788052242008914,7.291666666666667
930,7.810590442942908,7.003997093023256
931,7.943456387069696,7.03125
932,8.085824655209336,7.071428571428571
933,8.073624756820152,7.518796992481203
934,8.17876508105182,7.317073170731708
935,8.24529727620162,7.407407407407407
936,8.017257676712369,7.168550873586845
937,8.10299276109827,7.43801652892562
938,8.001051534788665,6.920498084291188
939,8.37114272079964,7.662947739283617
940,8.36177586061361,7.475186104218363
941,8.288691999498697,7.447923086404536
942,7.8458427229517484,6.292264555500577
943,8.3429530619636,7.513440860215054
944,8.06800191013795,6.976744186046512
945,8.198795997839653,7.192075796726959
946,8.155281354492933,7.569391392920805
947,8.441012294248765,7.258536585365854
948,8.229981676335688,7.229032258064516
949,8.306659773875694,7.42684234717328
950,8.29827761195358,8
951,7.779558772961223,6.809620399884091
952,7.887465472625595,7.564591642101613
953,8.095546563647284,6.923076923076923
954,8.136950643613872,7.15504008186935
955,8.23107872119805,7.407407407407407
956,7.870680510899899,6.896551724137931
957,7.92183169104345,7.2
958,8.130093233762906,7.6923076923076925
959,8.170490516110512,8.000512032770096
960,7.965202690769651,6.363636363636363
961,8.221150731920178,7.659713168187745
962,8.08903709550008,7.377049180327869
963,7.944390606963787,7.175032175032175
964,7.794296244493992,6.870229007633588
965,8.18309839483089,7.633587786259542
966,7.754467921346163,7.43801652892562
967,7.893136699726148,7.070707070707071
968,8.293801008612427,7.7677224736048265
969,8.298052158928934,6.909814323607427
970,8.162671120121852,7.88921188630491
971,8.302184938581107,7.407407407407407
972,7.9906908715462865,7.287568843430369
973,8.007583109246008,6.862745098039215
974,8.370412938807055,7.352941176470588
975,8.093358655420113,7.217261904761905
976,7.98796992021816,7.407407407407407
977,8.205181584967676,7.70028903876084
978,8.137039400992863,7.207207207207207
979,7.923042207267825,7.019704433497537
980,8.115642025821606,7.419867873746024
981,7.887598251373565,7.2727272727272725
982,8.15828840099972,7.138957138957139
983,8.206578526369107,8.119094704460558
984,8.190206134767347,7.547169811320755
985,8.258188039481599,7.540911101282618
986,8.380429991849336,7.462686567164179
987,7.929790937400296,6.926536731634183
988,7.950547765517638,6.870229007633588
989,8.065778008388484,7.339449541284404
990,8.012425955041463,7.03675176056338
991,8.389483964658718,7.547169811320755
992,8.181425712194544,7.258064516129032
993,8.107398836057197,6.666666666666667
994,7.951536091764339,6.976744186046512
995,7.879770062219857,6.779661016949152
996,8.07686603920147,7.087053571428571
997,8.24670607027486,7.265395894428153
998,7.897810314924364,7.070707070707071
999,8.233800235444782,7.2
1000,8.260198373009667,7.779599041734964
